[
  {
    "wp_inactive_widgets": [
      "search-2",
      "recent-posts-2",
      "recent-comments-2",
      "custom_html-3"
    ],
    "footer": [
      "stm_text-3",
      "text-3",
      "text-4",
      "socials-3",
      "text-5",
      "car_location-3",
      "text-7",
      "mc4wp_form_widget-3"
    ]
  },
  {
    "stm_text": {
      "3": {
        "title": "MOTORS HEAVY EQUIPMENTS",
        "text": "As the leading dealer in Chicago, IL, we are confident that we will save you time and money. Motors is ultimate Car Dealer, Automotive, Auto Dealer WordPress theme.",
        "filter": false,
        "socials": false
      },
      "_multiwidget": 1
    },
    "text": {
      "3": {
        "title": "Contact info",
        "text": "<span class=\"date\">Serive Department:<\/span> 1 (323) 938-5798\r\n<span class=\"date\">Body Repair service:<\/span> 1 (888) 637-7262\r\n<span class=\"date\">Email:<\/span> <span style=\"color: #ffcd11;\">info@stylemixthemes.com<\/span>",
        "filter": true,
        "visual": true
      },
      "4": {
        "title": "Service hours",
        "text": "<span class=\"date\">Monday - Friday:<\/span> 09:00AM - 09:00PM\r\n<span class=\"date\">Saturday:<\/span> 09:00AM - 07:00PM\r\n<span class=\"date\">Sunday:<\/span> Closed",
        "filter": true,
        "visual": true
      },
      "5": {
        "title": "",
        "text": "As the leading dealer in Chicago, IL, we are confident that we will save you time and money. Motors is ultimate Car Dealer, Automotive, Auto Dealer WordPress theme.",
        "filter": true,
        "visual": true
      },
      "7": {
        "title": "Instagram widget",
        "text": "[instagram-feed num=4 cols=4]",
        "filter": true,
        "visual": true
      },
      "_multiwidget": 1
    },
    "socials": {
      "3": {
        "title": "Social Network"
      },
      "_multiwidget": 1
    },
    "car_location": {
      "3": {
        "title": "Our Location"
      },
      "_multiwidget": 1
    },
    "mc4wp_form_widget": {
      "3": {
        "title": "SUbscribe"
      },
      "_multiwidget": 1
    },
    "search": {
      "2": {
        "title": ""
      },
      "_multiwidget": 1
    },
    "recent-posts": {
      "2": {
        "title": "",
        "number": 5
      },
      "_multiwidget": 1
    },
    "recent-comments": {
      "2": {
        "title": "",
        "number": 5
      },
      "_multiwidget": 1
    },
    "custom_html": {
      "3": {
        "title": "MOTORS HEAVY EQUIPMENTS",
        "content": "As the leading dealer in Chicago, IL, we are confident that we will save you time and money. Motors is ultimate Car Dealer, Automotive, Auto Dealer WordPress theme.\r\n"
      },
      "_multiwidget": 1
    }
  }
]