<cars>
	<vehicle>
		<title>Toyota RAV4</title>
		<excerpt>Quisque imperdiet dignissim enim dictum finibus. Sed consectetutr convallis enim eget laoreet. Aenean vitae nisl mollis, porta risus vel, dapibus lectus. Etiam ac suscipit eros, eget maximus</excerpt>
		<content>Etiam sit amet ex pharetra, venenatis ante vehicula, gravida sapien. Fusce eleifend vulputate nibh, non cursus augue placerat pellentesque. Sed venenatis risus nec felis mollis, in pharetra urna euismod. Morbi aliquam ut turpis sit amet ultrices. Vestibulum mattis blandit nisl, et tristique elit scelerisque nec. Fusce eleifend laoreet dui eget aliquet. Ut rutrum risus et nunc pretium scelerisque. Fusce viverra, ligula quis pellentesque interdum, leo felis congue dui, ac accumsan sem nulla id lorem. Praesent ut tristique dui, nec condimentum lacus. Maecenas lobortis ante id egestas placerat. Nullam at ultricies lacus. Nam in nulla consectetur, suscipit mauris eu, fringilla augue. Phasellus gravida, dui quis dignissim tempus, tortor orci tristique leo, ut congue diam ipsum at massa. Pellentesque ut vestibulum erat. Donec a felis eget</content>
		<post_status>publish</post_status>
		<model>RAV4</model>
		<mileage>125000</mileage>
	</vehicle>
	<vehicle>
		<title>Mazda CX-5 SX</title>
		<excerpt>Sed consectetutr convallis enim eget laoreet. Aenean vitae nisl mollis, porta risus vel, dapibus lectus. Etiam ac suscipit eros, eget maximus</excerpt>
		<content>Fusce eleifend vulputate nibh, non cursus augue placerat pellentesque. Sed venenatis risus nec felis mollis, in pharetra urna euismod. Morbi aliquam ut turpis sit amet ultrices. Vestibulum mattis blandit nisl, et tristique elit scelerisque nec. Fusce eleifend laoreet dui eget aliquet. Ut rutrum risus et nunc pretium scelerisque. Fusce viverra, ligula quis pellentesque interdum, leo felis congue dui, ac accumsan sem nulla id lorem. Praesent ut tristique dui, nec condimentum lacus. Maecenas lobortis ante id egestas placerat. Nullam at ultricies lacus. Nam in nulla consectetur, suscipit mauris eu, fringilla augue. Phasellus gravida, dui quis dignissim tempus, tortor orci tristique leo, ut congue diam ipsum at massa. Pellentesque ut vestibulum erat. Donec a felis eget</content>
		<post_status>publish</post_status>
		<model>MAZDA</model>
		<mileage>190000</mileage>
	</vehicle>
	<vehicle>
		<title>Kia Rio</title>
		<excerpt>Quisque imperdiet dignissim enim dictum finibus. Sed consectetutr convallis enim eget laoreet. Aenean vitae nisl mollis, porta risus vel, dapibus lectus. Etiam ac suscipit eros, eget maximus</excerpt>
		<content>Etiam sit amet ex pharetra, venenatis ante vehicula, gravida sapien. Fusce eleifend vulputate nibh, non cursus augue placerat pellentesque. Sed venenatis risus nec felis mollis, in pharetra urna euismod. Morbi aliquam ut turpis sit amet ultrices. Vestibulum mattis blandit nisl, et tristique elit scelerisque nec. Fusce eleifend laoreet dui eget aliquet. Ut rutrum risus et nunc pretium scelerisque. Fusce viverra, ligula quis pellentesque interdum, leo felis congue dui, ac accumsan sem nulla id lorem. Praesent ut tristique dui, nec condimentum lacus. Maecenas lobortis ante id egestas placerat. Nullam at ultricies lacus. Nam in nulla consectetur, suscipit mauris eu, fringilla augue. Phasellus gravida, dui quis dignissim tempus, tortor orci tristique leo, ut congue diam ipsum at massa. Pellentesque ut vestibulum erat. Donec a felis eget</content>
		<post_status>publish</post_status>
		<model>Kia</model>
		<mileage>180000</mileage>
	</vehicle>
</cars>