[
  {
    "default": [
      "search-2",
      "text-7",
      "tag_cloud-2",
      "archives-2"
    ],
    "footer": [
      "stm_text-3",
      "text-6",
      "nav_menu-2",
      "mc4wp_form_widget-2"
    ]
  },
  {
    "search": {
      "2": {
        "title": "Search"
      },
      "_multiwidget": 1
    },
    "text": {
      "7": {
        "title": "Text widget",
        "text": "<span class=\"stm-small-text\">Suspendisse ex est, auctor sed sem pulvinar, pulvinar efficitur ante. Nullam ac laoreet velit, a placerat metus.<\/span>\r\nQuisque quis arcu ac nulla varius rutrum hendrerit et dui. Ut et leo vitae nulla congue dictum <a href=\"#\">pharetra<\/a> sed velit. Donec porta ipsum a enim interdum aliquam",
        "filter": false
      },
      "6": {
        "title": "Photo Gallery",
        "text": "",
        "filter": true,
        "visual": true
      },
      "_multiwidget": 1
    },
    "tag_cloud": {
      "2": {
        "title": "Tag Widget",
        "taxonomy": "post_tag"
      },
      "_multiwidget": 1
    },
    "archives": {
      "2": {
        "title": "Archive",
        "count": 0,
        "dropdown": 1
      },
      "_multiwidget": 1
    },
    "stm_text": {
      "3": {
        "title": "Motors Wordpress Theme",
        "text": "<p>Fusce interdum ipsum egestas urna amet fringilla, et placerat ex venenatis. Aliquet luctus pharetra. Proin sed fringilla lectus\u2026<br \/>\r\nar sit amet tellus in mollis. <\/p>\r\n<p>Proin nec egestas nibh, eget egestas urna. Phasellus sit amet vehicula nunc. In hac habitasse platea dictumst. <\/p>\r\n",
        "filter": false,
        "socials": false
      },
      "_multiwidget": 1
    },
    "nav_menu": {
      "2": {
        "title": "Quick Links",
        "nav_menu": 502
      },
      "_multiwidget": 1
    },
    "mc4wp_form_widget": {
      "2": {
        "title": "Subscribe"
      },
      "_multiwidget": 1
    }
  }
]