[{"wp_inactive_widgets":["archives-2","meta-2","categories-2","search-2","recent-posts-2","recent-comments-2"],"footer":["search-4","nav_menu-3"],"ulisting_inventory_sidebar":["media_image-2","media_gallery-2","custom_html-2"]},{"search":{"4":[],"2":{"title":""},"_multiwidget":1},"nav_menu":{"3":{"nav_menu":4},"_multiwidget":1},"media_image":{"2":{"size":"medium","width":1300,"height":728,"caption":"","alt":"placeholder","link_type":"custom","link_url":"#","image_classes":"","link_classes":"","link_rel":"","link_target_blank":false,"image_title":"","attachment_id":1007,"url":"http:\/\/motorsdemo.loc\/wp-content\/uploads\/2020\/09\/placeholder-1-300x168.gif","title":""},"_multiwidget":1},"media_gallery":{"2":{"title":"Gallery","ids":[1007],"columns":3,"size":"thumbnail","link_type":"file","orderby_random":false},"_multiwidget":1},"custom_html":{"2":{"title":"","content":"<div style=\"background-color: #111111; padding: 36px 30px;\">\r\n\t<h5 style='color: #ffffff;'>HOW CAN WE HELP YOU?<\/h5><div style='color: #ffffff;' class='heading-font'>Contact us at the Consulting WP office nearest to you or submit a business inquiry online.<\/div><a href='\/contact-us' class='stm-button' style='background-color:#2c6dff; border-radius: 30px; margin-top: 20px;'>CONTACTS<\/a><\/div>"},"_multiwidget":1},"archives":{"2":{"title":"","count":0,"dropdown":0},"_multiwidget":1},"meta":{"2":{"title":""},"_multiwidget":1},"categories":{"2":{"title":"","count":0,"hierarchical":0,"dropdown":0},"_multiwidget":1},"recent-posts":{"2":{"title":"","number":5},"_multiwidget":1},"recent-comments":{"2":{"title":"","number":5},"_multiwidget":1}}]