[
  {
    "default": [
      "search-2",
      "recent-posts-2",
      "recent-comments-2",
      "archives-2",
      "categories-2",
      "meta-2"
    ],
    "footer": [
      "stm_text-3",
      "text-3",
      "stm-recent-posts-3",
      "socials-3",
      "mc4wp_form_widget-3",
      "text-4",
      "text-5",
      "text-6"
    ],
    "shop": [
      "woocommerce_product_categories-2",
      "woocommerce_products-2",
      "woocommerce_top_rated_products-2"
    ],
    "stm_listing_car": [
      "stm_classified_four_price_view-2",
      "stm_car_trade_offer_btns-2",
      "stm_dealer_car_info-2",
      "car_location-2",
      "contacts-3",
      "stm_listing_car_form-3"
    ]
  },
  {
    "search": {
      "2": {
        "title": "Search"
      },
      "_multiwidget": 1
    },
    "recent-posts": {
      "2": {
        "title": "Recent Posts",
        "number": 5
      },
      "_multiwidget": 1
    },
    "recent-comments": {
      "2": {
        "title": "Recent Comments",
        "number": 5
      },
      "_multiwidget": 1
    },
    "archives": {
      "2": {
        "title": "Archives",
        "count": 0,
        "dropdown": 0
      },
      "_multiwidget": 1
    },
    "categories": {
      "2": {
        "title": "Categories",
        "count": 0,
        "hierarchical": 0,
        "dropdown": 0
      },
      "2": {
        "title": "",
        "count": 0,
        "hierarchical": 0,
        "dropdown": 0
      },
      "_multiwidget": 1
    },
    "meta": {
      "2": {
        "title": "Meta"
      },
      "_multiwidget": 1
    },
    "stm_text": {
      "3": {
        "title": "Motors Wordpress theme",
        "text": "Fusce interdum ipsum egestas urna amet fringilla, et placerat ex venenatis. Aliquet luctus pharetra. Proin sed fringilla lectus... \r\nar sit amet tellus in mollis. Proin nec egestas nibh, eget egestas urna. Phasellus sit amet vehicula nunc. In hac habitasse platea dictumst. ",
        "filter": false,
        "socials": false
      },
      "_multiwidget": 1
    },
    "text": {
      "3": {
        "title": "Photo gallery",
        "text": "[gallery link=\"none\" ids=\"3805\"]",
        "filter": true,
        "visual": true
      },
      "4": {
        "title": "Sales Hours",
        "text": "<span class=\"date\">Monday - Friday:<\/span> 09:00AM - 09:00PM<br\/>\r\n<span class=\"date\">Saturday:<\/span> 09:00AM - 07:00PM<br\/>\r\n<span class=\"date\">Sunday:<\/span> Closed",
        "filter": true,
        "visual": true
      },
      "5": {
        "title": "Service Hours",
        "text": "<span class=\"date\">Monday - Friday:<\/span> 09:00AM - 09:00PM<br\/>\r\n<span class=\"date\">Saturday:<\/span> 09:00AM - 07:00PM<br\/>\r\n<span class=\"date\">Sunday:<\/span> Closed",
        "filter": true,
        "visual": true
      },
      "6": {
        "title": "Parts Hours",
        "text": "<span class=\"date\">Monday - Friday:<\/span> 09:00AM - 09:00PM<br\/>\r\n<span class=\"date\">Saturday:<\/span> 09:00AM - 07:00PM<br\/>\r\n<span class=\"date\">Sunday:<\/span> Closed",
        "filter": true,
        "visual": true
      },
      "_multiwidget": 1
    },
    "stm-recent-posts": {
      "3": {
        "title": "Latest Blog posts",
        "number_of_posts": "1"
      },
      "_multiwidget": 1
    },
    "socials": {
      "3": [],
      "_multiwidget": 1
    },
    "mc4wp_form_widget": {
      "3": {
        "title": "Subscribe"
      },
      "_multiwidget": 1
    },
    "woocommerce_product_categories": {
      "2": {
        "title": "Product categories",
        "orderby": "name",
        "dropdown": 0,
        "count": 0,
        "hierarchical": 1,
        "show_children_only": 0,
        "hide_empty": 0,
        "max_depth": ""
      },
      "_multiwidget": 1
    },
    "woocommerce_products": {
      "2": {
        "title": "Products",
        "number": 5,
        "show": "",
        "orderby": "date",
        "order": "desc",
        "hide_free": 0,
        "show_hidden": 0
      },
      "_multiwidget": 1
    },
    "woocommerce_top_rated_products": {
      "2": {
        "title": "Top rated products",
        "number": 5
      },
      "_multiwidget": 1
    },
    "stm_classified_four_price_view": {
      "2": [],
      "_multiwidget": 1
    },
    "stm_car_trade_offer_btns": {
      "2": {
        "title": ""
      },
      "_multiwidget": 1
    },
    "stm_dealer_car_info": {
      "2": {
        "title": "Dealer Info"
      },
      "_multiwidget": 1
    },
    "car_location": {
      "2": {
        "title": false
      },
      "_multiwidget": 1
    },
    "contacts": {
      "3": {
        "title": "Contact",
        "address": "",
        "phone": "",
        "fax": "",
        "email": ""
      },
      "_multiwidget": 1
    },
    "stm_listing_car_form": {
      "3": {
        "title": "Contact Dealer",
        "shortcode": "[contact-form-7 id=\"1865\" title=\"Send message to dealer\"]"
      },
      "_multiwidget": 1
    }
  }
]