<wpml-config>
  <custom-types>
    <custom-type translate="1">test_drive_request</custom-type>
    <custom-type translate="1">listings</custom-type>
    <custom-type translate="1">cars_qty</custom-type>
    <custom-type translate="1">cars_info</custom-type>
    <custom-type translate="1">seats</custom-type>
    <custom-type translate="1">bags</custom-type>
    <custom-type translate="1">doors</custom-type>
  </custom-types>
  <shortcodes>
    <shortcode>
      <tag>stm_listing_banner</tag>
      <attributes>
        <attribute>content</attribute>
      </attributes>
    </shortcode>
    <shortcode>
      <tag>stm_auto_loan_calculator</tag>
      <attributes>
        <attribute>title</attribute>
      </attributes>
    </shortcode>
    <shortcode>
      <tag>stm_icon_box</tag>
      <attributes>
        <attribute>title</attribute>
        <attribute>title_holder</attribute>
        <attribute>content</attribute>
        <attribute>btn_text</attribute>
      </attributes>
    </shortcode>
    <shortcode>
      <tag>stm_special_offers</tag>
      <attributes>
        <attribute>title</attribute>
        <attribute>colored_first_word</attribute>
      </attributes>
    </shortcode>
    <shortcode>
      <tag>stm_car_listing_tabbed</tag>
      <attributes>
        <attribute>tab_affix</attribute>
        <attribute>tab_preffix</attribute>
        <attribute>content</attribute>
        <attribute>found_cars_prefix</attribute>
        <attribute>search_label</attribute>
        <attribute>call_to_action_label</attribute>
        <attribute>call_to_action_label_right</attribute>
      </attributes>
    </shortcode>
    <shortcode>
      <tag>stm_testimonial</tag>
      <attributes>
        <attribute>content</attribute>
        <attribute>author</attribute>
      </attributes>
    </shortcode>
    <shortcode>
      <tag>stm_our_team</tag>
      <attributes>
        <attribute>name</attribute>
        <attribute>position</attribute>
      </attributes>
    </shortcode>
    <shortcode>
      <tag>stm_tech_infos</tag>
      <attributes>
        <attribute>title</attribute>
      </attributes>
    </shortcode>
    <shortcode>
      <tag>stm_tech_info</tag>
      <attributes>
        <attribute>subtitle</attribute>
        <attribute>name</attribute>
        <attribute>value</attribute>
      </attributes>
    </shortcode>
    <shortcode>
      <tag>stm_gmap</tag>
      <attributes>
        <attribute>infowindow_text</attribute>
      </attributes>
    </shortcode>
    <shortcode>
      <tag>stm_call_to_action</tag>
      <attributes>
        <attribute>text_image</attribute>
        <attribute>content</attribute>
      </attributes>
    </shortcode>
    <shortcode>
      <tag>stm_call_to_action_2</tag>
      <attributes>
        <attribute>call_to_action_label</attribute>
        <attribute>call_to_action_label_right</attribute>
        <attribute>call_to_action_label_2</attribute>
      </attributes>
    </shortcode>
    <shortcode>
      <tag>stm_working_days</tag>
      <attributes>
        <attribute>title</attribute>
        <attribute>sunday</attribute>
        <attribute>monday</attribute>
        <attribute>tuesday</attribute>
        <attribute>wednesday</attribute>
        <attribute>thursday</attribute>
        <attribute>friday</attribute>
        <attribute>saturday</attribute>
      </attributes>
    </shortcode>
    <shortcode>
      <tag>stm_media_library</tag>
      <attributes>
        <attribute>title</attribute>
      </attributes>
    </shortcode>
    <shortcode>
      <tag>stm_recent_posts</tag>
      <attributes>
        <attribute>title</attribute>
      </attributes>
    </shortcode>
    <shortcode>
      <tag>stm_recent_posts_magazine</tag>
      <attributes>
        <attribute>title</attribute>
      </attributes>
    </shortcode>
    <shortcode>
      <tag>stm_post_animated_image</tag>
      <attributes>
        <attribute>subtitle</attribute>
      </attributes>
    </shortcode>
    <shortcode>
      <tag>stm_contact_form</tag>
      <attributes>
        <attribute>title</attribute>
      </attributes>
    </shortcode>
    <shortcode>
      <tag>stm_sidebar_call_to_action</tag>
      <attributes>
        <attribute>content</attribute>
      </attributes>
    </shortcode>
    <shortcode>
      <tag>stm_service_icon_box</tag>
      <attributes>
        <attribute>title</attribute>
        <attribute>content</attribute>
      </attributes>
    </shortcode>
    <shortcode>
      <tag>stm_service_info_box</tag>
      <attributes>
        <attribute>title</attribute>
        <attribute>price_label</attribute>
        <attribute>content</attribute>
      </attributes>
    </shortcode>
    <shortcode>
      <tag>stm_stats_counter</tag>
      <attributes>
        <attribute>title</attribute>
      </attributes>
    </shortcode>
    <shortcode>
      <tag>stm_icon_filter</tag>
      <attributes>
        <attribute>content</attribute>
        <attribute>duration</attribute>
      </attributes>
    </shortcode>
    <shortcode>
      <tag>stm_image_filter_by_type</tag>
      <attributes>
        <attribute>content</attribute>
      </attributes>
    </shortcode>
    <shortcode>
      <tag>stm_popular_makes</tag>
      <attributes>
        <attribute>title</attribute>
      </attributes>
    </shortcode>
    <shortcode>
      <tag>stm_listings_tabs_2</tag>
      <attributes>
        <attribute>title</attribute>
        <attribute>recent_label</attribute>
        <attribute>popular_label</attribute>
        <attribute>featured_label</attribute>
        <attribute>tab_affix</attribute>
      </attributes>
    </shortcode>
    <shortcode>
      <tag>stm_listing_search</tag>
      <attributes>
        <attribute>show_all_label</attribute>
        <attribute>search_button_postfix</attribute>
        <attribute>select_prefix</attribute>
        <attribute>select_affix</attribute>
        <attribute>number_prefix</attribute>
        <attribute>number_affix</attribute>
        <attribute>tab_title_single</attribute>
      </attributes>
    </shortcode>
    <shortcode>
      <tag>stm_listing_two_search</tag>
      <attributes>
        <attribute>first_tab_label</attribute>
        <attribute>second_tab_label</attribute>
        <attribute>third_tab_label</attribute>
        <attribute>search_button_postfix</attribute>
        <attribute>select_prefix</attribute>
        <attribute>select_affix</attribute>
        <attribute>number_prefix</attribute>
        <attribute>number_affix</attribute>
      </attributes>
    </shortcode>
    <shortcode>
      <tag>stm_listing_search_without_tabs</tag>
      <attributes>
        <attribute>title</attribute>
        <attribute>search_button_postfix</attribute>
        <attribute>select_prefix</attribute>
        <attribute>select_affix</attribute>
        <attribute>number_prefix</attribute>
        <attribute>number_affix</attribute>
      </attributes>
    </shortcode>
    <shortcode>
      <tag>stm_listing_search_with_car_rating</tag>
      <attributes>
        <attribute>title</attribute>
        <attribute>select_prefix</attribute>
        <attribute>select_affix</attribute>
        <attribute>number_prefix</attribute>
        <attribute>number_affix</attribute>
      </attributes>
    </shortcode>
    <shortcode>
      <tag>stm_heading_title</tag>
      <attributes>
        <attribute>title</attribute>
      </attributes>
    </shortcode>
    <shortcode>
      <tag>stm_car_listing_features</tag>
      <attributes>
        <attribute>title</attribute>
      </attributes>
    </shortcode>
    <shortcode>
      <tag>stm_car_listing_contact_form</tag>
      <attributes>
        <attribute>title</attribute>
      </attributes>
    </shortcode>
    <shortcode>
      <tag>stm_add_a_car</tag>
      <attributes>
        <attribute>tab_title_single</attribute>
        <attribute>tab_title_labels</attribute>
        <attribute>content</attribute>
        <attribute>stm_title_user</attribute>
        <attribute>stm_text_user</attribute>
        <attribute>stm_title_price</attribute>
        <attribute>show_price_label</attribute>
        <attribute>stm_title_desc</attribute>
      </attributes>
    </shortcode>
    <shortcode>
      <tag>stm_icon_counter</tag>
      <attributes>
        <attribute>stm_counter_affix</attribute>
        <attribute>stm_counter_label</attribute>
      </attributes>
    </shortcode>
    <shortcode>
      <tag>stm_icon_counter_boats</tag>
      <attributes>
        <attribute>stm_counter_affix</attribute>
        <attribute>stm_counter_label</attribute>
      </attributes>
    </shortcode>
    <shortcode>
      <tag>stm_testimonial_boats</tag>
      <attributes>
        <attribute>content</attribute>
      </attributes>
    </shortcode>
    <shortcode>
      <tag>stm_contact_information</tag>
      <attributes>
        <attribute>title</attribute>
        <attribute>address</attribute>
      </attributes>
    </shortcode>
    <shortcode>
      <tag>stm_contacts_boat</tag>
      <attributes>
        <attribute>title</attribute>
      </attributes>
    </shortcode>
    <shortcode>
      <tag>stm_featured_boats_side</tag>
      <attributes>
        <attribute>title</attribute>
      </attributes>
    </shortcode>
    <shortcode>
      <tag>stm_text_baloon</tag>
      <attributes>
        <attribute>content</attribute>
      </attributes>
    </shortcode>
    <shortcode>
      <tag>stm_inventory_on_map</tag>
      <attributes>
        <attribute>inv_on_map_title</attribute>
      </attributes>
    </shortcode>
    <shortcode>
      <tag>stm_listing_map_by_my_location</tag>
      <attributes>
        <attribute>address</attribute>
      </attributes>
    </shortcode>
  </shortcodes>
</wpml-config>