[
  {
    "wp_inactive_widgets": [
      "search-2",
      "recent-posts-2",
      "recent-comments-2"
    ],
    "footer": [
      "search-4",
      "nav_menu-3"
    ]
  },
  {
    "search": {
      "4": [],
      "2": {
        "title": ""
      },
      "_multiwidget": 1
    },
    "nav_menu": {
      "3": {
        "nav_menu": 4
      },
      "_multiwidget": 1
    },
    "recent-posts": {
      "2": {
        "title": "",
        "number": 5
      },
      "_multiwidget": 1
    },
    "recent-comments": {
      "2": {
        "title": "",
        "number": 5
      },
      "_multiwidget": 1
    }
  }
]