[
  {
    "footer": [
      "custom_html-3",
      "nav_menu-3",
      "nav_menu-5",
      "mc4wp_form_widget-3"
    ],
    "shop": [
      "woocommerce_layered_nav-2",
      "woocommerce_layered_nav-3"
    ]
  },
  {
    "custom_html": {
      "3": {
        "title": "",
        "content": "<div class=\"footer-widg-wrap\">\r\n\t<div class=\"logo\">\r\n\t\t<img src=\"http:\/\/motors.stylemixthemes.com\/demo\/wp-content\/uploads\/2015\/12\/logo\/logo.svg\" \/>\r\n\t<\/div>\r\n\t<h5>RentON Car Rental Template<\/h5>\r\n\t<h3>Enjoy car rental!<\/h3>\r\n\t<ul class=\"socials\">\r\n\t\t<li>\r\n\t\t\t<a href=\"\">\r\n\t\t\t\t<i class=\"fa fa-facebook-square\"><\/i>\r\n\t\t\t<\/a>\r\n\t\t<\/li>\r\n\t\t<li>\r\n\t\t\t<a href=\"\">\r\n\t\t\t\t<i class=\"fa fa-twitter\"><\/i>\r\n\t\t\t<\/a>\r\n\t\t<\/li>\r\n\t\t<li>\r\n\t\t\t<a href=\"\">\r\n\t\t\t\t<i class=\"fa fa-instagram\"><\/i>\r\n\t\t\t<\/a>\r\n\t\t<\/li>\r\n\t\t<li>\r\n\t\t\t<a href=\"\">\r\n\t\t\t\t<i class=\"fa fa-pinterest\"><\/i>\r\n\t\t\t<\/a>\r\n\t\t<\/li>\r\n\t\t<li>\r\n\t\t\t<a href=\"\">\r\n\t\t\t\t<i class=\"fa fa-spotify\"><\/i>\r\n\t\t\t<\/a>\r\n\t\t<\/li>\r\n\t<\/ul>\r\n<\/div>",
        "wpml_language": "all"
      },
      "_multiwidget": 1
    },
    "nav_menu": {
      "3": {
        "title": "Pages",
        "nav_menu": 41
      },
      "5": {
        "title": "Information",
        "nav_menu": 43
      },
      "_multiwidget": 1
    },
    "mc4wp_form_widget": {
      "3": {
        "title": "Subscribe"
      },
      "_multiwidget": 1
    },
    "woocommerce_layered_nav": {
      "2": {
        "title": "Vehicle Class",
        "attribute": "vehicle-class",
        "display_type": "list",
        "query_type": "and"
      },
      "3": {
        "title": "Vehicle Type",
        "attribute": "vehicle-type",
        "display_type": "list",
        "query_type": "and"
      },
      "_multiwidget": 1
    }
  }
]